{
  "accuracy": 0.3333333333333333,
  "roc_auc": 0.5,
  "precision": 0.1111111111111111,
  "recall": 0.3333333333333333,
  "f1_score": 0.16666666666666666,
  "log_loss": 1.0986122886681096,
  "calibration_error": 4.996003610813204e-16,
  "feature_importance": {},
  "cross_val_scores": [
    NaN,
    NaN,
    NaN,
    NaN,
    NaN
  ]
}