{
  "accuracy": 0.9583333333333334,
  "roc_auc": 0.9958165997322623,
  "precision": 0.9585526315789473,
  "recall": 0.9583333333333334,
  "f1_score": 0.9583405483405483,
  "log_loss": 0.35637677139909785,
  "calibration_error": 0.273752285961811,
  "feature_importance": {
    "feature_0": 0.08584162303590276,
    "feature_1": 0.07094876937677456,
    "feature_2": 0.06582670554880098,
    "feature_3": 0.06192849627761784,
    "feature_4": 0.050448763690507624,
    "feature_5": 0.01629029302178507,
    "feature_6": 0.009197070431598193,
    "feature_7": 0.010901597601417849,
    "feature_8": 0.01569680566730367,
    "feature_9": 0.007217956479704247
  },
  "cross_val_scores": [
    0.925,
    0.925,
    0.925
  ],
  "confusion_matrix": [
    [
      35,
      2,
      0
    ],
    [
      3,
      36,
      0
    ],
    [
      0,
      0,
      44
    ]
  ],
  "per_class_metrics": {
    "0": {
      "precision": 0.9210526315789473,
      "recall": 0.9459459459459459,
      "f1-score": 0.9333333333333333,
      "support": 37.0
    },
    "1": {
      "precision": 0.9473684210526315,
      "recall": 0.9230769230769231,
      "f1-score": 0.935064935064935,
      "support": 39.0
    },
    "2": {
      "precision": 1.0,
      "recall": 1.0,
      "f1-score": 1.0,
      "support": 44.0
    }
  }
}